{
  "hash": "7e7eef90",
  "configHash": "bccbf883",
  "lockfileHash": "03688506",
  "browserHash": "d0f37d81",
  "optimized": {
    "@angular/common": {
      "src": "../../../../../node_modules/@angular/common/fesm2022/common.mjs",
      "file": "@angular_common.js",
      "fileHash": "d3d1379e",
      "needsInterop": false
    },
    "@angular/core": {
      "src": "../../../../../node_modules/@angular/core/fesm2022/core.mjs",
      "file": "@angular_core.js",
      "fileHash": "4ffcb13b",
      "needsInterop": false
    },
    "@angular/forms": {
      "src": "../../../../../node_modules/@angular/forms/fesm2022/forms.mjs",
      "file": "@angular_forms.js",
      "fileHash": "a8abaaae",
      "needsInterop": false
    },
    "@angular/platform-browser": {
      "src": "../../../../../node_modules/@angular/platform-browser/fesm2022/platform-browser.mjs",
      "file": "@angular_platform-browser.js",
      "fileHash": "e6c59923",
      "needsInterop": false
    },
    "@angular/platform-browser/animations": {
      "src": "../../../../../node_modules/@angular/platform-browser/fesm2022/animations.mjs",
      "file": "@angular_platform-browser_animations.js",
      "fileHash": "9857a479",
      "needsInterop": false
    },
    "@angular/router": {
      "src": "../../../../../node_modules/@angular/router/fesm2022/router.mjs",
      "file": "@angular_router.js",
      "fileHash": "aa3023f5",
      "needsInterop": false
    },
    "ngx-bootstrap/datepicker": {
      "src": "../../../../../node_modules/ngx-bootstrap/datepicker/fesm2022/ngx-bootstrap-datepicker.mjs",
      "file": "ngx-bootstrap_datepicker.js",
      "fileHash": "4fcb38b5",
      "needsInterop": false
    },
    "ngx-bootstrap/modal": {
      "src": "../../../../../node_modules/ngx-bootstrap/modal/fesm2022/ngx-bootstrap-modal.mjs",
      "file": "ngx-bootstrap_modal.js",
      "fileHash": "55f28c59",
      "needsInterop": false
    },
    "ngx-toastr": {
      "src": "../../../../../node_modules/ngx-toastr/fesm2022/ngx-toastr.mjs",
      "file": "ngx-toastr.js",
      "fileHash": "d2c35b91",
      "needsInterop": false
    },
    "ngx-bootstrap/chronos": {
      "src": "../../../../../node_modules/ngx-bootstrap/chronos/fesm2022/ngx-bootstrap-chronos.mjs",
      "file": "ngx-bootstrap_chronos.js",
      "fileHash": "1bd77fe9",
      "needsInterop": false
    }
  },
  "chunks": {
    "chunk-2R7DOGU3": {
      "file": "chunk-2R7DOGU3.js"
    },
    "chunk-3QC3SA5W": {
      "file": "chunk-3QC3SA5W.js"
    },
    "chunk-373DNZ7V": {
      "file": "chunk-373DNZ7V.js"
    },
    "chunk-APFFV2IX": {
      "file": "chunk-APFFV2IX.js"
    },
    "chunk-6CFL2JSZ": {
      "file": "chunk-6CFL2JSZ.js"
    },
    "chunk-GBSWQM6Q": {
      "file": "chunk-GBSWQM6Q.js"
    },
    "chunk-BGJEBKCS": {
      "file": "chunk-BGJEBKCS.js"
    },
    "chunk-WDMUDEB6": {
      "file": "chunk-WDMUDEB6.js"
    }
  }
}